row identifier,GPT-3 Without Fine-Tuning,GPT-2 with Abstract Fine-Tuning OS,GPT-2 with Abstract Fine-Tuning FS
Test Abstract 1 - Generation 1,"The risk of drought-induced tree mortality has not been quantified, but the magnitude of the issue is likely to be significant.","Increasing the risk of extreme weather events and extreme poverty in developing countries is one of the biggest threats to the global economy and is one of the most urgent drivers of global economic growth. The current crisis in developing countries has raised the need for a sustainable development model, which can cope with the current and future challenges. The current model, developed by the UNEP, relies on the following elements: (i) sustainable development objectives, (ii) sustainable development indicators, (iii) sustainable development financing","Increasingly, knowledge and knowledge sharing are necessary to prevent the spread of dangerous and dangerous threats to the environment and to protect human health and welfare. To accomplish this, the authors recommend the adoption of a carbon tax that would increase carbon taxes, encourage investment in research and development of carbon capture and storage technologies, and address the significant environmental and social costs associated with carbon capture and storage. The authors also recommend that governments reduce carbon taxes in their respective jurisdictions and adopt carbon capture and storage technology to reduce carbo"
Test Abstract 1 - Generation 2,"Greenhouse gas emissions have significantly altered global climate, and will continue to do so in the future. Increases in the frequency, duration, or severity of drought and heat stress associated with climate change could profoundly alter the composition, structure, and biogeography","Trees are important drivers of the evolution of agriculture, ecosystems, and the biosphere. Their contribution to society is understood to be profound. Therefore, a framework for assessing and quantifying the role of these global factors in agricultural and environmental development is needed. This paper analyzes the literature and highlights the importance of the role of forest biodiversity and related carbon and nitrogen sources in the evolution of agriculture and the biosphere. Our findings indicate that these carbon and nitrogen sources play a role in the evolution of agricultur","Trees may become more vulnerable to climate change. The importance of a global monitoring system to improve resilience to climate change is clear. But the system may also be vulnerable to unintended consequences, such as loss of biodiversity, loss of habitat for vulnerable groups, and loss of livelihoods. There is a need to develop and implement a sustainable carbon price that reflects the costs of carbon capture and storage, including the environmental costs of emissions and other forms of carbon capture and storage. A carbon price of less than "
Test Abstract 1 - Generation 3,Existing projections of tree mortality are based on models that lack functionally realistic mortality mechanisms.,"In this paper, I present a simple model for estimating tree mortality from climate change. Using a simple model with a simple stochastic model, I show that future greenhouse gas emissions will have an important impact on forest carbon balance, and that the climate of the future will play an important role in influencing forest carbon balance. This model provides a starting point for future research into the potential influence of climate change on the carbon balance of the world's forests. This paper is a continuation of the paper on th","In this paper, we present a conceptual model of the relationship between climate change and carbon dioxide emissions that applies to a broad range of indicators. We then explore how this model could be applied to the assessment of the relationship between carbon dioxide emissions and carbon dioxide levels in the global climate system. Our model is based on the assumption that carbon dioxide emissions are stable and that carbon dioxide levels are low. However, the relationship between carbon dioxide emissions and carbon dioxide levels is unclear. We discuss our analysis using a framewor"
Test Abstract 1 - Generation 4,"Greenhouse gas emissions have significantly altered global climate, and will continue to do so in the future.","Risk-reduction strategies for reducing greenhouse gases emissions are not a viable strategy for mitigating climate change. Nevertheless, the current literature offers a framework for developing strategies for mitigating climate change. It provides a framework for assessing the risks of reducing greenhouse gases emissions through the use of multidimensional approaches, which include ecological modeling, spatial modeling, and modeling in order to better understand the impact of particular emissions scenarios. This paper highlights the importance of considering the risks of reducing greenhouse gases emissions through multidimensional approache","This paper presents the current state of knowledge regarding the impact of climate change on the global food chain and its impact on the global food security. The paper argues that the current literature is insufficient to draw any firm conclusions about the food security implications of climate change. Instead, it highlights the importance of developing tools and approaches that can be applied to inform policy decisions, such as policy-making and monitoring. While many interventions are currently designed to mitigate adverse effects of climate change, the research is concerned with the us"
Test Abstract 1 - Generation 5,"Tree mortality due to increased drought and heat stress is likely to increase in many regions, but not all.","The paper draws upon a number of research papers, published in peer-reviewed journals, in order to build an operational framework for assessing the potential for global change and associated changes in the biodiversity of our planet. The aim of this paper is to investigate the implications of the paper for sustainable development, the protection of biodiversity, and the sustainable development of ecosystems. The purpose of the paper is to examine the relationship between the effects of climate change and the changes in biodiversity of a region and its inhabitants. The articl","The paper draws on a number of research papers, including the 2011 Intergovernmental Panel on Climate Change (IPCC) Global Change Change and the Global Change Index (GII), to outline the contribution of greenhouse gases to climate change. The paper includes a review of the literature and a brief description of the processes by which carbon dioxide and other greenhouse gases are emitted and controlled from sources such as power plants, biomass, and metallurgy. The paper also provides an in-depth analysis of the influence o"
Test Abstract 2 - Generation 1,"The most complex and nonlinear forest-atmosphere feedbacks can be dampened or amplified by tropical, temperate and boreal reforestation and afforestation.","The climate-related consequences of climate change are complicated by the interplay between the interplay between the natural environment and human activities. The authors propose a model that helps to understand the interplay between the natural environment and human activities. This model includes a model for assessing the environmental impact of greenhouse gas emissions, and a model for assessing the environmental impact of agricultural production. The model is designed to allow for the assessment of the interactions between natural and human activities and to help to identify potential sources of risk i","The literature contains a large number of papers and research reports on the relationship between carbon dioxide (CO2) emissions and global temperature change. This paper examines the literature on CO2 emissions from the sources of the world's carbon dioxide emissions. The main goal of the research is to determine the link between carbon dioxide emissions and temperature change, and the effect of carbon dioxide emission on global temperature. The research has been conducted with the assistance of a number of international organizations, including the Intergovernmental Panel on Climate Chang"
Test Abstract 2 - Generation 2,Forests are under tremendous pressure from global change. Interdisciplinary science that integrates knowledge of the many interacting climate services of forests with the impacts of global change is necessary to identify and understand as yet unexplored feedbacks in the Earth system and potential to mitigate,"Tropical forests influence climate through physical, chemical, and biological processes that affect planetary energetics, the hydrologic cycle, and atmospheric composition. These complex and nonlinear forest-atmosphere interactions can dampen or amplify anthropogenic climate change. Tropical, temperate, and boreal reforestation and afforestation are indicators of how these processes may affect the climate of the tropics, the upper tropics, and the subtropical regions. The net climate forcing from these an","Tropical forests influence climate through physical, chemical, and biological processes that affect planetary energetics, the hydrologic cycle, and atmospheric composition. These complex and nonlinear forest-atmosphere interactions can dampen or amplify anthropogenic climate change. Tropical, temperate, and boreal reforestation and afforestation attenuate global warming through carbon sequestration. Biogeophysical feedbacks can enhance or diminish this negative climate forcing. Tropical forests mitigate warming through evaporative cooling, but th"
Test Abstract 2 - Generation 3,Forests are under tremendous pressure from global change. Interdisciplinary science that integrates knowledge of the many interacting climate services of forests with the impacts of global change is necessary to identify and understand as yet unexplored feedbacks in the Earth system and potential for forests,"In this paper, I present a simple model for estimating the contribution of climate change to a small island chain of tropical forests (Shingal) in the Bering Strait region of China. This model is based on the Integrated Assessment of the Climate Change Impacts Model (IAQ-IMMI) and a model for the impact of climate change on coastal communities. The purpose of this paper is to show that the model does not depend on the fact that there is a direct link between temperature change an","In this paper, I present a simple model for estimating the contribution of climate change to a small island chain of tropical and semiarid island chains in the Bering Strait. The model is based on a set of indicators derived from the global temperature index. The model includes a linear regression model, which is a good starting point for assessing the performance of the model. The main results show that the model is robust to a number of assumptions and that it is robust to a number of small sub-re"
Test Abstract 2 - Generation 4,The forests influence climate by dampening or amplifying anthropogenic climate change.,"The literature reviews the literature on the influence of natural and man-made carbon dioxide (CO2) emissions on temperature. While it is well known that CO2 emissions increase the risk of a wide range of health problems, it is unclear why CO2 emissions are associated with lower risks of serious health problems in some countries. In the present study, we examine the association between CO2 emission and risk of a wide range of health problems in Denmark and Norway. We show that CO2 emissions increase the ris",The literature reviews the literature on the influence of climate change on agricultural production and consumption in the United States and discusses the literature on the impact of climate change on agricultural production and consumption in the United States and the implications for the food security of the United States. The literature also reviews and analyzes the literature on the impact of climate change on agricultural production and consumption in the United States and discusses the literature on the implications for the food security of the United States. The literature also reviews and analyzes the literatur
Test Abstract 2 - Generation 5,Forests are under tremendous pressure from global change. Interdisciplinary science that integrates knowledge of the many interacting climate services of forests with the impacts of global change is necessary to identify and understand as yet unexplored feedbacks in the Earth system and the potential of,"A paper by B. L. Barzani and R. G. G. Vitti, 'The implications of climate change for the global food supply in the context of biodiversity protection and food security', Current Biology, 19 (6), p. 577-581, 2014. This article reviews recent research on the impact of climate change on agriculture, with an emphasis on the impact of the global trade deficit on the environment. The paper focuses on the importance of mitigating the trade deficit o","The paper draws on a model of global climate that includes the effects of carbon emissions on biodiversity, including changes in carbon uptake and distribution. The model includes the changes in carbon uptake and distribution over time and includes the contribution of carbon dioxide emissions to biodiversity loss, which can be analyzed by means of a spatial gradient model. The model also includes an assessment of the effect of climate change on biodiversity loss by assessing the spatial distribution of carbon dioxide emissions. The model also includes a sensitivity analysis that includes the spatial gradien"
Test Abstract 3 - Generation 1,The paper presents current knowledge about the impact of livestock sector on climate change. The main sources of greenhouse gas (GHG) emissions from livestock are described and the contribution of livestock sector to the global GHG emissions is presented on the basis of latest results,The paper contains a summary of the literature and provides a general outline of the methods and concepts used in the research. The paper is divided into two parts: the first part presents the results of the research in two sections: the second part presents the results of the research in a third section. The paper is divided into three parts: the first part presents the results of the research in a third section: the second part presents the results of the research in a third section. The paper is divided int,"The paper contains a summary of the literature and provides a synthesis of the results obtained in the research. The authors discuss the impact of livestock sector on the global GHG emissions. The paper also discusses the implications of the recent research for policy makers, especially for the development of a sustainable agricultural policy in the agricultural environment.The paper focuses on the effect of agricultural productivity on the environment and its impact on the environment, mainly on the impact of livestock management on the environment and the impact of livestock management on th"
Test Abstract 3 - Generation 2,The current knowledge about the impact of livestock sector on climate change is summarized and a general overview of an emergent environmental issue such as the impact of livestock sector on climate change is provided.,This paper focuses on the contribution of livestock sector to global GHG emissions and presents an overview of the proposed mitigation strategies for reducing greenhouse gas emissions from livestock sector. The main sources of greenhouse gas (GHG) emissions from livestock are described and the contribution of livestock sector to the global GHG emissions is presented on the basis of the latest results obtained from the scientific research. The most recent mitigation strategies for reducing greenhouse gas emissions from livestock are also discussed. The paper aims to provide a general overview of a,"This paper focuses on the contribution of livestock to global warming. The main focus of the paper is on the global livestock sector. The paper focuses on the contribution of livestock to global warming, but the degree of global warming is still unclear. The paper does not discuss the implications of the literature for policy makers and policy makers. It is a case study of how the implications of the literature for policy makers and policy makers are related to the role of livestock in global warming. The paper also highlights the theoretical foundation"
Test Abstract 3 - Generation 3,Livestock sector contributes to the global warming.,"This paper aims to outline the mechanisms of change induced by agriculture and the consequences of their impact on society. The main targets are achieved in the paper, which are set out in terms of the type of change the society will experience. The purpose of the paper is to analyse the impact of agricultural changes on society, the consequences of these changes and the mechanisms of change induced by them. The authors highlight the influence of agriculture on the environment and how they influence the behaviour of the population. The conclusions drawn fro",This paper aims at providing a general overview of an emergent environmental issue such as the impact of livestock sector on climate change. The main sources of greenhouse gas (GHG) emissions from livestock are described and the contribution of livestock sector to the global GHG emissions is presented on the basis of the latest results obtained from the scientific research. The paper aims to provide a general overview of an emergent environmental issue such as the impact of livestock sector on climate change. While the paper is easy to understand fo
Test Abstract 3 - Generation 4,The paper documents the impact of livestock on climate change and provides a general overview of an emerging environmental issue.,This paper presents the current knowledge about the impact of livestock sector on climate change. The main sources of greenhouse gas (GHG) emissions from livestock are described and the contribution of livestock sector to the global GHG emissions is presented on the basis of the latest results obtained from the scientific research. The most recent mitigation strategies for reducing greenhouse gas emissions from livestock are also discussed. The paper aims to provide a general overview of an emergent environmental issue such as the impact of livestock sector on climate change. Whil,"This paper presents the current state of knowledge regarding the impact of livestock sector on climate change. The main sources of greenhouse gas (GHG) emissions from livestock are described and the contribution of livestock sector to the global GHG emissions is presented on the basis of the latest results obtained from the scientific research. The paper aims to provide a general overview of an emergent environmental issue such as the impact of livestock sector on climate change. While the paper is easy to understand for non-expert readers, i"
Test Abstract 3 - Generation 5,The paper summarises the current knowledge about the impact of livestock sector on climate change. The main sources of greenhouse gas (GHG) emissions from livestock are described and the contribution of livestock sector to the global GHG emissions is presented on the basis of,The paper is a summary of the research on the impact of livestock sector on climate change. The main sources of greenhouse gas (GHG) emissions from livestock are described and the contribution of livestock sector to the global GHG emissions is presented on the basis of the latest results obtained from the scientific research. The most recent mitigation strategies for reducing greenhouse gas emissions from livestock are also discussed. The paper aims to provide a general overview of an emergent environmental issue such as the impact of livestock sector on climate chang,"The paper draws on the literature on the impact of livestock on global climate change, the current knowledge about the impact of livestock sector on global climate change and the literature on the relevance of the literature for policy formulation. The paper analyzes the literature for the purpose of the analysis. The main conclusions of the research are: (a) the current knowledge about the impact of livestock on global climate change is insufficient to identify the relevant literature on the impact of livestock on global climate change; and (b) th"
Test Abstract 4 - Generation 1,"Using climate models, the authors estimate that in temperate and tropical regions, yield changes are expected to be 0.3–2% per year by 2050.","The climate is changing and the future is not yet clear. This paper presents the results of a systematic review of literature on the impacts of global warming on food security. The analysis identified at least six issues that have relevance to food security, including the impact of global warming on food production, the impact of agriculture on food security, the implications of climate change for food security, and the literature synthesis. The authors recommend that researchers review the literature to better understand how climate change impacts food security and to better understan","Increasing the risk of global warming may reduce food security. This paper presents the results of a systematic review of literature on food security and food security in developing nations. The analysis identified at least six issues that have relevance to food security, including the potential for food security to change over time, the availability of sustainable sources of energy, and the consequences of insufficient food security for developing countries. The research also highlights the need for policy makers to consider how to mitigate risks associated with increased food security. This pape"
Test Abstract 4 - Generation 2,Feeding a growing global population in a changing climate presents a significant challenge to society.,"The challenge of informing the public on the implications of global warming is becoming ever more intense. The global climate change debate is expected to be a significant one for many years to come. However, the current paper focuses on the current state of the field and suggests a strategy for dealing with the problems. The paper draws attention to the importance of using a holistic approach to the question of global warming, including the integration of the scientific and quantitative aspects of the topic. The authors conclude that the current global climate debat","The paper focuses on the contribution of temperature to crop productivity and crop yield over the past few decades. The results highlight the importance of temperature as a determinant of crop productivity and yield, but the degree of global warming can have a significant impact on crop productivity. The paper also suggests how to better understand the impact of climate change on crop productivity. Future research should be focused on identifying mechanisms that can improve crop productivity and yield and how to mitigate future climate change risks. A key to understanding global warming ris"
Test Abstract 4 - Generation 3,"The combined impacts of climate change and adaptation are expected to increase yields by an average of 7–15% in temperate regions, but will not be sufficient for all crop varieties.","In this paper, I present a simple model for estimating yield changes from climate change using a simple variable. The model is based on the assumption that future temperature and precipitation trends are linear with the observed time series. The result suggests that future global temperature and precipitation trends will be much smaller than they would have been if the model were linear. The results show that there is little variability in the linear model, and that there is little evidence that future changes in temperature and precipitation will cause significant changes in yield","In this paper, I present a simple model for estimating yield changes from the temperature increase hypothesis. The model is based on a stochastic process, which is less expensive than the stochastic process of the stochastic process of natural selection. The stochastic process is considered to be more efficient than the stochastic process of natural selection. The model is tested on two primary targets: (1) the climate sensitivity and (2) the productivity of a global economy. The model i"
Test Abstract 4 - Generation 4,"Using projections of future climate, the authors predict that if greenhouse gases continue to increase, 15-37% of crops and livestock will be committed to extinction.","The current literature on crop yield and climate change is dominated by one type of work, namely the literature on climate change. This paper proposes a new approach for studying crop yield and climate change. This approach examines the relationship between crop yield and climate change, using data from the European Union (EU) Agricultural Statistics (ESRI). It presents a cross-national analysis of the results of the European Union Agricultural Statistics (ESRI) using the G20 Sustainable Development Goals (SDGs). Using the SDG","The literature is insufficiently descriptive to assess the impact of climate change on food security, but the results indicate that it may cause food shortages, increase food prices, and exacerbate food insecurity. It is important to understand the socio-economic, environmental, and social dimensions of food security and food security, and to develop strategies to mitigate the impact of climate change. This paper presents a brief overview of the main components of food security and food security in the context of a study of the distribution of incomes and expenditur"
Test Abstract 4 - Generation 5,"Climate change predictions are confirmed by the collective increase in crop yields, and projections of climate-induced changes in productivity.","A paper by Bock and colleagues in the Journal of the American Statistical Association (ASA) reveals that climate change is already affecting agriculture. They argue that the growing evidence points to the necessity for action to mitigate climate change. However, it is unclear how they can address the growing number of refugees and migrants who have come to the U.S. from countries that are less than 140 km away from the U.S. border. In order to mitigate the effects of climate change, the authors propos","A paper by Bock and colleagues in the Journal of the American Meteorological Society. The paper proposes a set of four hypotheses for the future of the world's food supply: (i) The global food supply depends on a single large-scale agricultural system (e.g., wheat, maize), (ii) The global food supply depends on small-scale agricultural systems (e.g., wheat, maize), and (iii) The global food supply depends on a large-scale agricultural system "
Test Abstract 5 - Generation 1,"Climate change impacts on biodiversity are increasingly well documented. In this Review, we summarize different approaches used for assessing species' vulnerability to climate change. We describe three main methods used to derive these currencies (correlative, mechanistic and trait-based), and","The climate change hypothesis has been widely accepted and promoted in the literature, but few studies have examined the mechanisms involved in the evolution of the hypothesis. This study provides a systematic review and meta-analysis of the literature on the hypothesis. The results show that the hypothesis is robust, but does not imply a causal relationship between temperature, precipitation and biodiversity loss. This study suggests that the hypothesis could be extended to consider other processes, such as changes in the environment and changes in the evolution of species. This i","The literature contains a large number of references to 'categorization' and 'organization' in the financial literature. The current effort is to identify and describe these concepts in the context of the general finance literature. However, there are many conceptual barriers to understanding the financial implications of financial categorization and categorization. The current paper aims at exploring the conceptual issues raised by categorization and the implications of this proposed system on the global financial crisis. We present an empirical assessment of the financial categorization i"
Test Abstract 5 - Generation 2,Climate change is the main driver of biodiversity loss,"The concept of ecological sustainability has been used for many decades to support a wide range of ecological systems and to mitigate risks to the environment. The ecological sustainability of a system depends on the degree of adherence to a set of values and the degree of sustainable development. This paper focuses on the concept of ecological sustainability by examining how the concept of ecological sustainability has been applied to a wide range of systems, including agriculture, fisheries, mining and other forms of environmental management. Ecological sustainability is defined by the concept o","This paper focuses on the contribution of macroeconomic variables to biodiversity loss. In particular, it examines the impact macroeconomic variables have on biodiversity loss (i.e., the impact on biodiversity of the degree of global warming). The authors analyse the impact macroeconomic variables have on the biodiversity loss of countries in the world's richest and most developed countries. Their results show that the macroeconomic variables have a significant impact on biodiversity loss and that they are associated with the degree of global warming. The implications of thi"
Test Abstract 5 - Generation 3,"To minimize biodiversity losses, conservationists need to identify species that are likely to be most vulnerable to shifts in climate.","In this paper, I present a simple and practical model of the relationship between temperature and biodiversity using the euro. The model is based on a three-stage model, with a 95% confidence interval (CI) of 0.20–0.75. The model is used to quantify the economic and social benefits of renewable energy, renewable energy subsidies, and carbon taxes. The results show that the economic and social benefits of renewable energy are estimated to be $1.5–2.0 trillion ","In this paper, the term 'sustainability' refers to the concept of a sustainable development that is based on the ability of the community to thrive and to sustain itself. The concept is applied to many areas of the economy, from education to health and beyond. The concept is considered to be a core component of sustainable development, i.e., a set of principles that should guide the development of the economy and society. However, it is not sufficient to just define the concept and understand its basi"
Test Abstract 5 - Generation 4,"Climate change predictions are confirmed by the collective changes in distribution of species, and the climate-change impacts on biodiversity.","The purpose of this paper is to highlight the literature on the effects of climate change on biodiversity. However, there are two main limitations. First, this paper focuses on the effect of climate change on the distribution of biodiversity, which is not included in the main analysis. Second, it contains only the most recent year of the current assessment. Given that there is little information on the impact of climate change on biodiversity, this analysis is not designed to provide a general assessment of the impact of climate change on th","This paper presents the current state of knowledge regarding the impact of climate change on biodiversity in the tropics and subtropics. The paper covers a wide range of topics related to the management of biodiversity and the management of the environment, as well as the impact of climate change on agriculture and the environment itself. The paper analyzes the literature on the impact of climate change on biodiversity and how it can be applied to mitigate the impacts of climate change on agriculture. The paper concludes by considering the implications of th"
Test Abstract 5 - Generation 5,"Climate change impacts on biodiversity are increasingly well documented, and many methods have been developed to assess species' vulnerability to climatic changes. To minimize global biodiversity losses, conservationists need to identify those species that are likely to be most vulnerable to the impacts of","A paper by Bockmann and colleagues (2015) in the Journal of the American Statistical Association (annual review) showed that the rate of global change is increasing faster than the rate of natural variability (R2). The authors argue that a simple regression model can be used to show that the rate of global change is increasing faster than the rate of natural variability, but that this is not the case for the global mean. A simple model that can be used to see the rate of global change i","The paper draws on the literature on the impact of climate change on ecosystems. The analysis was conducted in cooperation with the Global Change Research Institute (GCRI), a leading global research and education organization (GURI) with a focus on sustainable development. This paper focuses on the impact of climate change on the biodiversity of the world's major food crops (e.g., wheat, soybeans, corn, rice, wheat, maize, wheat berry, sorghum). The paper draws on th"
