	GPT-2 with Abstract Fine-Tuning	GPT-2 with Abstract Fine-Tuning	GPT-2 with Full Text Fine-Tuning	GPT-3 Without Fine-Tuning
Test Abstract 1 - Generation 1				
Test Abstract 1 - Generation 2				
Test Abstract 1 - Generation 3				
Test Abstract 1 - Generation 4				
Test Abstract 1 - Generation 5				
Test Abstract 2 - Generation 1				
Test Abstract 2 - Generation 2				
Test Abstract 2 - Generation 3				
Test Abstract 2 - Generation 4				
Test Abstract 2 - Generation 5				
Test Abstract 3 - Generation 1				
Test Abstract 3 - Generation 2				
Test Abstract 3 - Generation 3				
Test Abstract 3 - Generation 4				
Test Abstract 3 - Generation 5				
Test Abstract 4 - Generation 1				
Test Abstract 4 - Generation 2				
Test Abstract 4 - Generation 3				
Test Abstract 4 - Generation 4				
Test Abstract 4 - Generation 5				
Test Abstract 5 - Generation 1				
Test Abstract 5 - Generation 2				
Test Abstract 5 - Generation 3				
Test Abstract 5 - Generation 4				
Test Abstract 5 - Generation 5				
